{"cameraMode":{"drawMode":0,"name":"Shaded","section":"Shading Mode"},"sceneLighting":true,"audioPlay":false,"sceneViewState":{"m_AlwaysRefresh":false,"showFog":true,"showSkybox":true,"showFlares":true,"showImageEffects":true,"showParticleSystems":true,"showVisualEffectGraphs":true,"m_FxEnabled":true},"in2DMode":false,"pivot":{"x":-20.943923950195314,"y":7.772919654846191,"z":-21.620067596435548},"rotation":{"x":-0.46083489060401919,"y":-0.2995496988296509,"z":0.16878874599933625,"w":-0.8181228637695313},"size":12.343167304992676,"orthographic":false}