{"cameraMode":{"drawMode":0,"name":"Shaded","section":"Shading Mode"},"sceneLighting":true,"audioPlay":false,"sceneViewState":{"m_AlwaysRefresh":false,"showFog":true,"showSkybox":true,"showFlares":true,"showImageEffects":true,"showParticleSystems":true,"showVisualEffectGraphs":true,"m_FxEnabled":true},"in2DMode":false,"pivot":{"x":-11.326252937316895,"y":-0.1212606430053711,"z":23.974895477294923},"rotation":{"x":-0.1332012563943863,"y":0.1421893984079361,"z":-0.019259275868535043,"w":-0.9806046485900879},"size":41.048824310302737,"orthographic":false}