{"cameraMode":{"drawMode":0,"name":"Shaded","section":"Shading Mode"},"sceneLighting":true,"audioPlay":false,"sceneViewState":{"m_AlwaysRefresh":false,"showFog":true,"showSkybox":true,"showFlares":true,"showImageEffects":true,"showParticleSystems":true,"showVisualEffectGraphs":true,"m_FxEnabled":true},"in2DMode":false,"pivot":{"x":35.299991607666019,"y":1.6999998092651368,"z":23.400009155273439},"rotation":{"x":-0.03576863929629326,"y":0.9640677571296692,"z":-0.1952345222234726,"w":-0.1766251176595688},"size":0.8660253882408142,"orthographic":false}