{"cameraMode":{"drawMode":0,"name":"Shaded","section":"Shading Mode"},"sceneLighting":true,"audioPlay":false,"sceneViewState":{"m_AlwaysRefresh":false,"showFog":true,"showSkybox":true,"showFlares":true,"showImageEffects":true,"showParticleSystems":true,"showVisualEffectGraphs":true,"m_FxEnabled":true},"in2DMode":false,"pivot":{"x":0.2810245752334595,"y":14.101919174194336,"z":-22.53628921508789},"rotation":{"x":-0.26661452651023867,"y":0.027458837255835534,"z":-0.007576829753816128,"w":-0.9633470177650452},"size":12.441957473754883,"orthographic":false}