{"cameraMode":{"drawMode":0,"name":"Shaded","section":"Shading Mode"},"sceneLighting":true,"audioPlay":false,"sceneViewState":{"m_AlwaysRefresh":false,"showFog":true,"showSkybox":true,"showFlares":true,"showImageEffects":true,"showParticleSystems":true,"showVisualEffectGraphs":true,"m_FxEnabled":true},"in2DMode":false,"pivot":{"x":-11.904062271118164,"y":1.8275429010391236,"z":-10.607245445251465},"rotation":{"x":-0.11217067390680313,"y":0.04022657498717308,"z":-0.004494190216064453,"w":-0.9928324818611145},"size":16.15261459350586,"orthographic":false}