{"cameraMode":{"drawMode":0,"name":"Shaded","section":"Shading Mode"},"sceneLighting":true,"audioPlay":false,"sceneViewState":{"m_AlwaysRefresh":false,"showFog":true,"showSkybox":false,"showFlares":true,"showImageEffects":true,"showParticleSystems":true,"showVisualEffectGraphs":true,"m_FxEnabled":true},"in2DMode":false,"pivot":{"x":-3.156221389770508,"y":0.29919102787971499,"z":1.9308733940124512},"rotation":{"x":-0.17636726796627046,"y":-0.012698645703494549,"z":0.0022761193104088308,"w":-0.9842450022697449},"size":0.988278865814209,"orthographic":false}